Word,Language
ronaldo,English
seacrest,English
beach,English
apr,English
salled,English
tationentrance,English
oo,English
carp,English
sizizy,English
team,English
powered,English
by,English
diytrade,English
com,English
chind,English
but,English
only,English
ketchup,English
litter,English
burgorn,English
win,English
london,English
imperial,English
college,English
academy,English
18,English
everton,English
mil,English
satis,English
nisi,English
entrance,English
optimum,English
788,English
prehavia,English
arsenal,English
sky,English
barclay,English
bierhost,English
24,English
madness,English
itmuntholove,English
the,English
the,English
1899,English
acm,English
calcio,English
xxl,English
07,English
west,English
ham,English
united,English
arsenal,English
foot,English
the,English
ball,English
gunners,English
arserra,English
club,English
since,English
1886,English
the,English
grovs,English
gunners,English
walcott,English
and,English
arsenal,English
arteta,English
o,English
soachian,English
p,English
in,English
i,English
in,English
balger,English
i,English
16,English
knight,English
barchay,English
32,English
baker,English
aston,English
villa,English
arcu,English
ballack,English
13,English
sabucal,English
coffey,English
pootbally,English
samsung,English
chelsed,English
clus,English
mobile,English
abclicks,English
blogspot,English
com,English
bootbally,English
chelsed,English
elsea,English
club,English
laxs,English
champions,English
ierseycom,English
essien,English
least,English
barc,English
terry,English
16,English
ircu,English
donovan,English
9,English
ays,English
arteta,English
o,English
pesties,English
rootealy,English
e,English
korres,English
i,English
chelsea,English
football,English
club,English
chelse,English
football,English
pertoring,English
concella,English
arretz,English
pp,English
dismiting,English
porn,English
vale,English
rootgul,English
calora,English
31,English
1031,English
2010,English
stoki,English
19121,English
loka,English
clebrating,English
avilon,English
alage,English
il,English
50k,English
stagation,English
winvy,English
newcastle,English
united,English
driffit,English
chan,English
stubhub,English
12,English
20,English
persie,English
schester,English
united,English
for,English
southampton,English
burton,English
publick,English
creens,English
original,English
slassies,English
of,English
long,English
ops,English
prographer,English
craft,English
i,English
inc,English
island,English
tion,English
balanced,English
house,English
brewery,English
s,English
since,English
ipa,English
undekial,English
5,English
allahabad,English
quot,English
rame,English
tot,English
arbores,English
university,English
assizility,English
ist,English
0000,English
tottenham,English
friendskip,English
316,English
beantz,English
predicted_labels,English
the,English
nvidia,English
to,English
way,English
be,English
its,English
sologing,English
jay,English
nanauati,English
sbobet,English
uzst,English
sbobet,English
ham,English
the,English
kfep,English
please,English
grass,English
off,English
unites,English
west,English
ham,English
nant,English
united,English
nivesty,English
ham,English
all,English
the,English
united,English
athletic,English
nigan,English
1932,English
heinz,English
baked,English
multipack,English
beanz,English
in,English
estri,English
tomato,English
1869,English
57,English
bulling,English
doles,English
esto,English
sauce,English
thietic,English
nigan,English
bs,English
1932,English
is,English
west,English
albion,English
bromwich,English
a,English
est,English
we,English
foreet,English
staticatoms,English
a,English
tokyo,English
chaustmas,English
disneyland,English
conconcedorents,English
years,English
joo,English
adong,English
13,English
chick,English
prister,English
beer,English
s,English
v,English
navalit,English
the,English
novs,English
day,English
and,English
bimmertoday,English
3,English
17,English
hutchinson,English
bien,English
the,English
compers,English
scotzing,English
r,English
to,English
senting,English
serve,English
olicy,English
and,English
protect,English
hottolization,English
and,English
a,English
cutsine,English
maples,English
davern,English
est,English
2011,English
crocodiles,English
swimming,English
readiona,English
no,English
sourceing,English
contenting,English
i,English
byjun72012,English
bossome,English
battery,English
to,English
point,English
fistaties,English
heart,English
found,English
oldtown,English
white,English
oldtown,English
white,English
coffee,English
coffee,English
restaurant,English
singhs,English
caribbean,English
nw,English
cuisine,English
8,English
bar,English
hamptons,English
jnw,English
mod,English
michelin,English
tm,English
i,English
milethally,English
on,English
i,English
horses,English
flying,English
of,English
nation,English
historic,English
caroused,English
americas,English
oldest,English
register,English
places,English
le,English
grenier,English
detr,English
ileure,English
a,English
pain,English
i,English
i,English
of,English
business,English
www,English
oio,English
invest,English
2012,English
businessinvest,English
campaign,English
couk,English
0,English
stating,English
toreskow,English
lolina,English
koreskole,English
wildcats,English
chinese,English
eat,English
unn,English
si,English
open,English
take,English
foo,English
out,English
fried,English
boaroo,English
wontons,English
yound,English
consuruaring,English
kmf,English
interninationation,English
expule,English
police,English
station,English
i,English
ir,English
baribloque,English
for,English
able,English
predicted_labels,English
0,English
of,English
alle,English
handmade,English
goild,English
exclusiv,English
alithategraphions,English
world,English
coromet,English
varomel,English
coromel,English
darome,English
coramel,English
coromes,English
adbury,English
chocolates,English
world,English
and,English
1800,English
chocolate,English
dairy,English
cadbury,English
milk,English
mousse,English
soft,English
smooth,English
centre,English
bolical,English
estaf,English
isa,English
lounges,English
gate,English
gate,English
all,English
seuck,English
coffee,English
zero,English
botes,English
sure,English
19,English
i,English
20081,English
06705,English
halal,English
tagine,English
stark,English
ovelcomes,English
ziaale,English
matiots,English
amulaa,English
snacky,English
lip,English
restra,English
thailand,English
internawalable,English
show,English
enkkie,English
sasans,English
screw,English
tome,English
